embedding,norm,cal_method,conformal,alpha,auroc,brier,marginal_cov,tb_cov,nontb_cov,mean_size,singleton,empty,disparity,ess,w95,max_w,threshold,sensitivity,specificity,achieved_fnr
rad_dino,raw,uncalibrated,APS,0.05,0.9138,0.2376,0.5586,0.8837,0.5244,0.7746,0.7746,0.2254,0.3593,,,,,,,
rad_dino,raw,uncalibrated,Mondrian,0.05,0.9138,0.2376,0.5365,0.898,0.4985,0.7872,0.7872,0.2128,0.3995,,,,,,,
rad_dino,raw,uncalibrated,APS,0.1,0.9138,0.2376,0.4831,0.8497,0.4445,0.652,0.652,0.348,0.4052,,,,,,,
rad_dino,raw,uncalibrated,Mondrian,0.1,0.9138,0.2376,0.4649,0.8658,0.4227,0.6518,0.6518,0.3482,0.4431,,,,,,,
rad_dino,raw,uncalibrated,WeightedMondrian,0.1,0.9138,0.2376,0.4635,0.814,0.4267,0.5931,0.5931,0.4069,0.3873,193.2,0.07,0.29,,,,
rad_dino,raw,uncalibrated,APS,0.2,0.9138,0.2376,0.3598,0.7871,0.3148,0.4632,0.4632,0.5368,0.4723,,,,,,,
rad_dino,raw,uncalibrated,Mondrian,0.2,0.9138,0.2376,0.3623,0.7853,0.3179,0.4637,0.4637,0.5363,0.4675,,,,,,,
rad_dino,raw,uncalibrated,CRC,0.1,0.9138,0.2376,,,,,,,,,,,0.7689,0.8658,0.7974,0.1342
rad_dino,raw,temperature,APS,0.05,0.9138,0.2087,0.5586,0.8837,0.5244,0.7746,0.7746,0.2254,0.3593,,,,,,,
rad_dino,raw,temperature,Mondrian,0.05,0.9138,0.2087,0.5365,0.898,0.4985,0.7872,0.7872,0.2128,0.3995,,,,,,,
rad_dino,raw,temperature,APS,0.1,0.9138,0.2087,0.4831,0.8497,0.4445,0.652,0.652,0.348,0.4052,,,,,,,
rad_dino,raw,temperature,Mondrian,0.1,0.9138,0.2087,0.4649,0.8658,0.4227,0.6518,0.6518,0.3482,0.4431,,,,,,,
rad_dino,raw,temperature,WeightedMondrian,0.1,0.9138,0.2087,0.4635,0.814,0.4267,0.5931,0.5931,0.4069,0.3873,193.2,0.07,0.29,,,,
rad_dino,raw,temperature,APS,0.2,0.9138,0.2087,0.3598,0.7871,0.3148,0.4632,0.4632,0.5368,0.4723,,,,,,,
rad_dino,raw,temperature,Mondrian,0.2,0.9138,0.2087,0.3623,0.7853,0.3179,0.4637,0.4637,0.5363,0.4675,,,,,,,
rad_dino,raw,temperature,CRC,0.1,0.9138,0.2087,,,,,,,,,,,0.5968,0.8658,0.7974,0.1342
rad_dino,raw,platt,APS,0.05,0.9138,0.0512,0.9872,0.8658,1.0,1.264,0.736,0.0,0.1342,,,,,,,
rad_dino,raw,platt,Mondrian,0.05,0.9138,0.0512,0.5365,0.898,0.4985,0.7872,0.7872,0.2128,0.3995,,,,,,,
rad_dino,raw,platt,APS,0.1,0.9138,0.0512,0.9789,0.7853,0.9992,1.1643,0.8357,0.0,0.2139,,,,,,,
rad_dino,raw,platt,Mondrian,0.1,0.9138,0.0512,0.4649,0.8658,0.4227,0.6516,0.6516,0.3484,0.4431,,,,,,,
rad_dino,raw,platt,WeightedMondrian,0.1,0.9138,0.0512,0.4635,0.814,0.4267,0.5931,0.5931,0.4069,0.3873,193.2,0.07,0.29,,,,
rad_dino,raw,platt,APS,0.2,0.9138,0.0512,0.958,0.619,0.9936,1.0606,0.9394,0.0,0.3746,,,,,,,
rad_dino,raw,platt,Mondrian,0.2,0.9138,0.0512,0.3623,0.7853,0.3179,0.4637,0.4637,0.5363,0.4675,,,,,,,
rad_dino,raw,platt,CRC,0.1,0.9138,0.0512,,,,,,,,,,,0.066,0.8658,0.7974,0.1342
rad_dino,raw,isotonic,APS,0.05,0.9138,0.0517,0.9942,0.9392,1.0,1.4603,0.5397,0.0,0.0608,,,,,,,
rad_dino,raw,isotonic,Mondrian,0.05,0.9138,0.0517,0.6197,0.9392,0.5861,0.9998,0.9998,0.0002,0.3531,,,,,,,
rad_dino,raw,isotonic,APS,0.1,0.9138,0.0517,0.9803,0.7943,0.9998,1.1784,0.8216,0.0,0.2055,,,,,,,
rad_dino,raw,isotonic,Mondrian,0.1,0.9138,0.0517,0.6197,0.9392,0.5861,0.9998,0.9998,0.0002,0.3531,,,,,,,
rad_dino,raw,isotonic,WeightedMondrian,0.1,0.9138,0.0517,0.6117,0.8551,0.5861,0.7921,0.7921,0.2079,0.269,193.2,0.07,0.29,,,,
rad_dino,raw,isotonic,APS,0.2,0.9138,0.0517,0.958,0.6583,0.9895,1.0604,0.9396,0.0,0.3312,,,,,,,
rad_dino,raw,isotonic,Mondrian,0.2,0.9138,0.0517,0.3919,0.7943,0.3496,0.5003,0.5003,0.4997,0.4447,,,,,,,
rad_dino,raw,isotonic,CRC,0.1,0.9138,0.0517,,,,,,,,,,,0.0335,0.9392,0.5863,0.0608
rad_dino,L2,uncalibrated,APS,0.05,0.9155,0.2314,0.5748,0.8945,0.5412,0.812,0.812,0.188,0.3533,,,,,,,
rad_dino,L2,uncalibrated,Mondrian,0.05,0.9155,0.2314,0.5358,0.9052,0.497,0.7986,0.7986,0.2014,0.4082,,,,,,,
rad_dino,L2,uncalibrated,APS,0.1,0.9155,0.2314,0.4952,0.8623,0.4566,0.6714,0.6714,0.3286,0.4057,,,,,,,
rad_dino,L2,uncalibrated,Mondrian,0.1,0.9155,0.2314,0.4657,0.8766,0.4226,0.6578,0.6578,0.3422,0.454,,,,,,,
rad_dino,L2,uncalibrated,WeightedMondrian,0.1,0.9155,0.2314,0.4671,0.8426,0.4276,0.6268,0.6268,0.3732,0.4149,343.4,1.26,9.15,,,,
rad_dino,L2,uncalibrated,APS,0.2,0.9155,0.2314,0.346,0.7818,0.3002,0.4434,0.4434,0.5566,0.4816,,,,,,,
rad_dino,L2,uncalibrated,Mondrian,0.2,0.9155,0.2314,0.3444,0.7853,0.2981,0.4441,0.4441,0.5559,0.4872,,,,,,,
rad_dino,L2,uncalibrated,CRC,0.1,0.9155,0.2314,,,,,,,,,,,0.7254,0.8766,0.7893,0.1234
rad_dino,L2,temperature,APS,0.05,0.9155,0.2086,0.5748,0.8945,0.5412,0.812,0.812,0.188,0.3533,,,,,,,
rad_dino,L2,temperature,Mondrian,0.05,0.9155,0.2086,0.5358,0.9052,0.497,0.7986,0.7986,0.2014,0.4082,,,,,,,
rad_dino,L2,temperature,APS,0.1,0.9155,0.2086,0.4952,0.8623,0.4566,0.6714,0.6714,0.3286,0.4057,,,,,,,
rad_dino,L2,temperature,Mondrian,0.1,0.9155,0.2086,0.4657,0.8766,0.4226,0.6578,0.6578,0.3422,0.454,,,,,,,
rad_dino,L2,temperature,WeightedMondrian,0.1,0.9155,0.2086,0.4671,0.8426,0.4276,0.6268,0.6268,0.3732,0.4149,343.4,1.26,9.15,,,,
rad_dino,L2,temperature,APS,0.2,0.9155,0.2086,0.346,0.7818,0.3002,0.4434,0.4434,0.5566,0.4816,,,,,,,
rad_dino,L2,temperature,Mondrian,0.2,0.9155,0.2086,0.3444,0.7853,0.2981,0.4441,0.4441,0.5559,0.4872,,,,,,,
rad_dino,L2,temperature,CRC,0.1,0.9155,0.2086,,,,,,,,,,,0.5903,0.8766,0.7893,0.1234
rad_dino,L2,platt,APS,0.05,0.9155,0.051,0.9883,0.8766,1.0,1.2725,0.7275,0.0,0.1234,,,,,,,
rad_dino,L2,platt,Mondrian,0.05,0.9155,0.051,0.5358,0.9052,0.497,0.7986,0.7986,0.2014,0.4082,,,,,,,
rad_dino,L2,platt,APS,0.1,0.9155,0.051,0.9789,0.7835,0.9994,1.1624,0.8376,0.0,0.2159,,,,,,,
rad_dino,L2,platt,Mondrian,0.1,0.9155,0.051,0.4657,0.8766,0.4226,0.6578,0.6578,0.3422,0.454,,,,,,,
rad_dino,L2,platt,WeightedMondrian,0.1,0.9155,0.051,0.4671,0.8426,0.4276,0.6268,0.6268,0.3732,0.4149,343.4,1.26,9.15,,,,
rad_dino,L2,platt,APS,0.2,0.9155,0.051,0.9556,0.61,0.9919,1.0549,0.9451,0.0,0.3819,,,,,,,
rad_dino,L2,platt,Mondrian,0.2,0.9155,0.051,0.3444,0.7853,0.2981,0.4441,0.4441,0.5559,0.4872,,,,,,,
rad_dino,L2,platt,CRC,0.1,0.9155,0.051,,,,,,,,,,,0.0625,0.8766,0.7893,0.1234
rad_dino,L2,isotonic,APS,0.05,0.9155,0.052,0.9939,0.941,0.9994,1.4608,0.5392,0.0,0.0585,,,,,,,
rad_dino,L2,isotonic,Mondrian,0.05,0.9155,0.052,0.6168,0.941,0.5827,0.999,0.999,0.001,0.3583,,,,,,,
rad_dino,L2,isotonic,APS,0.1,0.9155,0.052,0.9816,0.8122,0.9994,1.1939,0.8061,0.0,0.1873,,,,,,,
rad_dino,L2,isotonic,Mondrian,0.1,0.9155,0.052,0.4751,0.941,0.4261,0.8532,0.8532,0.1468,0.5148,,,,,,,
rad_dino,L2,isotonic,WeightedMondrian,0.1,0.9155,0.052,0.6088,0.8569,0.5827,0.7835,0.7835,0.2165,0.2742,343.4,1.26,9.15,,,,
rad_dino,L2,isotonic,APS,0.2,0.9155,0.052,0.9476,0.6225,0.9818,1.0349,0.9651,0.0,0.3592,,,,,,,
rad_dino,L2,isotonic,Mondrian,0.2,0.9155,0.052,0.3521,0.8122,0.3038,0.4753,0.4753,0.5247,0.5084,,,,,,,
rad_dino,L2,isotonic,CRC,0.1,0.9155,0.052,,,,,,,,,,,0.032,0.941,0.5838,0.059
biomedclip,raw,uncalibrated,APS,0.05,0.7514,0.2487,0.7729,0.8265,0.7673,1.2375,0.7625,0.0,0.0592,,,,,,,
biomedclip,raw,uncalibrated,Mondrian,0.05,0.7514,0.2487,0.7392,0.864,0.7261,1.2873,0.7127,0.0,0.1379,,,,,,,
biomedclip,raw,uncalibrated,APS,0.1,0.7514,0.2487,0.6766,0.7209,0.672,1.0119,0.9881,0.0,0.0489,,,,,,,
biomedclip,raw,uncalibrated,Mondrian,0.1,0.7514,0.2487,0.6448,0.8032,0.6282,1.065,0.935,0.0,0.175,,,,,,,
biomedclip,raw,uncalibrated,WeightedMondrian,0.1,0.7514,0.2487,0.5668,0.5796,0.5654,0.7784,0.7784,0.2216,0.0142,121.0,1.03,7065.68,,,,
biomedclip,raw,uncalibrated,APS,0.2,0.7514,0.2487,0.5312,0.6136,0.5226,0.7557,0.7557,0.2443,0.091,,,,,,,
biomedclip,raw,uncalibrated,Mondrian,0.2,0.7514,0.2487,0.5213,0.6351,0.5094,0.7617,0.7617,0.2383,0.1257,,,,,,,
biomedclip,raw,uncalibrated,CRC,0.1,0.7514,0.2487,,,,,,,,,,,0.3522,0.8014,0.5647,0.1986
biomedclip,raw,temperature,APS,0.05,0.7514,0.2269,0.7729,0.8265,0.7673,1.2375,0.7625,0.0,0.0592,,,,,,,
biomedclip,raw,temperature,Mondrian,0.05,0.7514,0.2269,0.7392,0.864,0.7261,1.2873,0.7127,0.0,0.1379,,,,,,,
biomedclip,raw,temperature,APS,0.1,0.7514,0.2269,0.6766,0.7209,0.672,1.0119,0.9881,0.0,0.0489,,,,,,,
biomedclip,raw,temperature,Mondrian,0.1,0.7514,0.2269,0.6448,0.8032,0.6282,1.065,0.935,0.0,0.175,,,,,,,
biomedclip,raw,temperature,WeightedMondrian,0.1,0.7514,0.2269,0.5668,0.5796,0.5654,0.7784,0.7784,0.2216,0.0142,121.0,1.03,7065.68,,,,
biomedclip,raw,temperature,APS,0.2,0.7514,0.2269,0.5312,0.6136,0.5226,0.7557,0.7557,0.2443,0.091,,,,,,,
biomedclip,raw,temperature,Mondrian,0.2,0.7514,0.2269,0.5213,0.6351,0.5094,0.7617,0.7617,0.2383,0.1257,,,,,,,
biomedclip,raw,temperature,CRC,0.1,0.7514,0.2269,,,,,,,,,,,0.4527,0.8014,0.5645,0.1986
biomedclip,raw,platt,APS,0.05,0.7514,0.0777,0.9811,0.8014,1.0,1.4701,0.5299,0.0,0.1986,,,,,,,
biomedclip,raw,platt,Mondrian,0.05,0.7514,0.0777,0.7392,0.864,0.7261,1.2873,0.7127,0.0,0.1379,,,,,,,
biomedclip,raw,platt,APS,0.1,0.7514,0.0777,0.965,0.6315,1.0,1.2839,0.7161,0.0,0.3685,,,,,,,
biomedclip,raw,platt,Mondrian,0.1,0.7514,0.0777,0.6448,0.8032,0.6282,1.065,0.935,0.0,0.175,,,,,,,
biomedclip,raw,platt,WeightedMondrian,0.1,0.7514,0.0777,0.5668,0.5796,0.5654,0.7784,0.7784,0.2216,0.0142,121.0,1.03,7065.68,,,,
biomedclip,raw,platt,APS,0.2,0.7514,0.0777,0.948,0.4526,1.0,1.166,0.834,0.0,0.5474,,,,,,,
biomedclip,raw,platt,Mondrian,0.2,0.7514,0.0777,0.5213,0.6351,0.5094,0.7617,0.7617,0.2383,0.1257,,,,,,,
biomedclip,raw,platt,CRC,0.1,0.7514,0.0777,,,,,,,,,,,0.0635,0.8014,0.5647,0.1986
biomedclip,raw,isotonic,APS,0.05,0.7514,0.0779,0.9869,0.8623,1.0,1.5896,0.4104,0.0,0.1377,,,,,,,
biomedclip,raw,isotonic,Mondrian,0.05,0.7514,0.0779,0.7683,0.864,0.7583,1.3194,0.6806,0.0,0.1058,,,,,,,
biomedclip,raw,isotonic,APS,0.1,0.7514,0.0779,0.9718,0.703,1.0,1.3613,0.6387,0.0,0.297,,,,,,,
biomedclip,raw,isotonic,Mondrian,0.1,0.7514,0.0779,0.692,0.8623,0.6741,1.2278,0.7722,0.0,0.1882,,,,,,,
biomedclip,raw,isotonic,WeightedMondrian,0.1,0.7514,0.0779,0.5964,0.6261,0.5932,0.8355,0.8355,0.1645,0.0329,121.0,1.03,7065.68,,,,
biomedclip,raw,isotonic,APS,0.2,0.7514,0.0779,0.9508,0.483,1.0,1.1895,0.8105,0.0,0.517,,,,,,,
biomedclip,raw,isotonic,Mondrian,0.2,0.7514,0.0779,0.6037,0.703,0.5932,0.919,0.919,0.081,0.1098,,,,,,,
biomedclip,raw,isotonic,CRC,0.1,0.7514,0.0779,,,,,,,,,,,0.047,0.8623,0.4389,0.1377
biomedclip,L2,uncalibrated,APS,0.05,0.7421,0.2686,0.7569,0.8372,0.7485,1.254,0.746,0.0,0.0887,,,,,,,
biomedclip,L2,uncalibrated,Mondrian,0.05,0.7421,0.2686,0.7241,0.8855,0.7071,1.3055,0.6945,0.0,0.1784,,,,,,,
biomedclip,L2,uncalibrated,APS,0.1,0.7421,0.2686,0.6554,0.737,0.6468,1.0094,0.9906,0.0,0.0902,,,,,,,
biomedclip,L2,uncalibrated,Mondrian,0.1,0.7421,0.2686,0.6363,0.7979,0.6194,1.0548,0.9452,0.0,0.1785,,,,,,,
biomedclip,L2,uncalibrated,WeightedMondrian,0.1,0.7421,0.2686,0.6081,0.6834,0.6002,0.9127,0.9127,0.0873,0.0832,407.4,4.86,30.46,,,,
biomedclip,L2,uncalibrated,APS,0.2,0.7421,0.2686,0.5198,0.619,0.5094,0.7705,0.7705,0.2295,0.1096,,,,,,,
biomedclip,L2,uncalibrated,Mondrian,0.2,0.7421,0.2686,0.5117,0.6386,0.4983,0.7753,0.7753,0.2247,0.1403,,,,,,,
biomedclip,L2,uncalibrated,CRC,0.1,0.7421,0.2686,,,,,,,,,,,0.3892,0.7907,0.5718,0.2093
biomedclip,L2,temperature,APS,0.05,0.7421,0.2367,0.7569,0.8372,0.7485,1.254,0.746,0.0,0.0887,,,,,,,
biomedclip,L2,temperature,Mondrian,0.05,0.7421,0.2367,0.7241,0.8855,0.7071,1.3055,0.6945,0.0,0.1784,,,,,,,
biomedclip,L2,temperature,APS,0.1,0.7421,0.2367,0.6554,0.737,0.6468,1.0094,0.9906,0.0,0.0902,,,,,,,
biomedclip,L2,temperature,Mondrian,0.1,0.7421,0.2367,0.6363,0.7979,0.6194,1.0548,0.9452,0.0,0.1785,,,,,,,
biomedclip,L2,temperature,WeightedMondrian,0.1,0.7421,0.2367,0.6081,0.6834,0.6002,0.9127,0.9127,0.0873,0.0832,407.4,4.86,30.46,,,,
biomedclip,L2,temperature,APS,0.2,0.7421,0.2367,0.5198,0.619,0.5094,0.7705,0.7705,0.2295,0.1096,,,,,,,
biomedclip,L2,temperature,Mondrian,0.2,0.7421,0.2367,0.5117,0.6386,0.4983,0.7753,0.7753,0.2247,0.1403,,,,,,,
biomedclip,L2,temperature,CRC,0.1,0.7421,0.2367,,,,,,,,,,,0.4752,0.7907,0.5701,0.2093
biomedclip,L2,platt,APS,0.05,0.7421,0.079,0.9801,0.7907,1.0,1.463,0.537,0.0,0.2093,,,,,,,
biomedclip,L2,platt,Mondrian,0.05,0.7421,0.079,0.7241,0.8855,0.7071,1.3055,0.6945,0.0,0.1784,,,,,,,
biomedclip,L2,platt,APS,0.1,0.7421,0.079,0.9656,0.6386,1.0,1.3067,0.6933,0.0,0.3614,,,,,,,
biomedclip,L2,platt,Mondrian,0.1,0.7421,0.079,0.6363,0.7979,0.6194,1.0548,0.9452,0.0,0.1785,,,,,,,
biomedclip,L2,platt,WeightedMondrian,0.1,0.7421,0.079,0.6081,0.6834,0.6002,0.9127,0.9127,0.0873,0.0832,407.4,4.86,30.46,,,,
biomedclip,L2,platt,APS,0.2,0.7421,0.079,0.949,0.4633,1.0,1.184,0.816,0.0,0.5367,,,,,,,
biomedclip,L2,platt,Mondrian,0.2,0.7421,0.079,0.5117,0.6386,0.4983,0.7753,0.7753,0.2247,0.1403,,,,,,,
biomedclip,L2,platt,CRC,0.1,0.7421,0.079,,,,,,,,,,,0.067,0.7907,0.5709,0.2093
biomedclip,L2,isotonic,APS,0.05,0.7421,0.0791,0.9803,0.7925,1.0,1.4681,0.5319,0.0,0.2075,,,,,,,
biomedclip,L2,isotonic,Mondrian,0.05,0.7421,0.0791,0.7484,0.9123,0.7312,1.404,0.596,0.0,0.1811,,,,,,,
biomedclip,L2,isotonic,APS,0.1,0.7421,0.0791,0.9741,0.7281,1.0,1.3912,0.6088,0.0,0.2719,,,,,,,
biomedclip,L2,isotonic,Mondrian,0.1,0.7421,0.0791,0.661,0.8265,0.6436,1.1209,0.8791,0.0,0.1829,,,,,,,
biomedclip,L2,isotonic,WeightedMondrian,0.1,0.7421,0.0791,0.6516,0.7281,0.6436,0.9995,0.9995,0.0005,0.0845,407.4,4.86,30.46,,,,
biomedclip,L2,isotonic,APS,0.2,0.7421,0.0791,0.9519,0.4937,1.0,1.2038,0.7962,0.0,0.5063,,,,,,,
biomedclip,L2,isotonic,Mondrian,0.2,0.7421,0.0791,0.5392,0.7281,0.5194,0.8777,0.8777,0.1223,0.2087,,,,,,,
biomedclip,L2,isotonic,CRC,0.1,0.7421,0.0791,,,,,,,,,,,0.0545,0.7925,0.5658,0.2075
torchxrayvision,raw,uncalibrated,APS,0.05,0.8027,0.3242,0.5935,0.8408,0.5675,1.0102,0.9898,0.0,0.2733,,,,,,,
torchxrayvision,raw,uncalibrated,Mondrian,0.05,0.8027,0.3242,0.572,0.8658,0.5412,1.0396,0.9604,0.0,0.3247,,,,,,,
torchxrayvision,raw,uncalibrated,APS,0.1,0.8027,0.3242,0.5193,0.805,0.4893,0.867,0.867,0.133,0.3157,,,,,,,
torchxrayvision,raw,uncalibrated,Mondrian,0.1,0.8027,0.3242,0.4834,0.8265,0.4474,0.8532,0.8532,0.1468,0.3791,,,,,,,
torchxrayvision,raw,uncalibrated,WeightedMondrian,0.1,0.8027,0.3242,0.5236,0.7674,0.4979,0.7911,0.7911,0.2089,0.2695,219.3,1.16,298.98,,,,
torchxrayvision,raw,uncalibrated,APS,0.2,0.8027,0.3242,0.3955,0.7585,0.3573,0.655,0.655,0.345,0.4012,,,,,,,
torchxrayvision,raw,uncalibrated,Mondrian,0.2,0.8027,0.3242,0.3904,0.771,0.3504,0.6593,0.6593,0.3407,0.4206,,,,,,,
torchxrayvision,raw,uncalibrated,CRC,0.1,0.8027,0.3242,,,,,,,,,,,0.5798,0.8265,0.6039,0.1735
torchxrayvision,raw,temperature,APS,0.05,0.8027,0.2457,0.5935,0.8408,0.5675,1.0102,0.9898,0.0,0.2733,,,,,,,
torchxrayvision,raw,temperature,Mondrian,0.05,0.8027,0.2457,0.572,0.8658,0.5412,1.0396,0.9604,0.0,0.3247,,,,,,,
torchxrayvision,raw,temperature,APS,0.1,0.8027,0.2457,0.5193,0.805,0.4893,0.867,0.867,0.133,0.3157,,,,,,,
torchxrayvision,raw,temperature,Mondrian,0.1,0.8027,0.2457,0.4834,0.8265,0.4474,0.8532,0.8532,0.1468,0.3791,,,,,,,
torchxrayvision,raw,temperature,WeightedMondrian,0.1,0.8027,0.2457,0.5236,0.7674,0.4979,0.7911,0.7911,0.2089,0.2695,219.3,1.16,298.98,,,,
torchxrayvision,raw,temperature,APS,0.2,0.8027,0.2457,0.3955,0.7585,0.3573,0.655,0.655,0.345,0.4012,,,,,,,
torchxrayvision,raw,temperature,Mondrian,0.2,0.8027,0.2457,0.3904,0.771,0.3504,0.6593,0.6593,0.3407,0.4206,,,,,,,
torchxrayvision,raw,temperature,CRC,0.1,0.8027,0.2457,,,,,,,,,,,0.5078,0.8265,0.6032,0.1735
torchxrayvision,raw,platt,APS,0.05,0.8027,0.0722,0.9835,0.8265,1.0,1.437,0.563,0.0,0.1735,,,,,,,
torchxrayvision,raw,platt,Mondrian,0.05,0.8027,0.0722,0.572,0.8658,0.5412,1.0396,0.9604,0.0,0.3247,,,,,,,
torchxrayvision,raw,platt,APS,0.1,0.8027,0.0722,0.9782,0.771,1.0,1.3337,0.6663,0.0,0.229,,,,,,,
torchxrayvision,raw,platt,Mondrian,0.1,0.8027,0.0722,0.4834,0.8265,0.4474,0.8532,0.8532,0.1468,0.3791,,,,,,,
torchxrayvision,raw,platt,WeightedMondrian,0.1,0.8027,0.0722,0.5236,0.7674,0.4979,0.7911,0.7911,0.2089,0.2695,219.3,1.16,298.98,,,,
torchxrayvision,raw,platt,APS,0.2,0.8027,0.0722,0.9643,0.6261,0.9998,1.2058,0.7942,0.0,0.3737,,,,,,,
torchxrayvision,raw,platt,Mondrian,0.2,0.8027,0.0722,0.3904,0.771,0.3504,0.6593,0.6593,0.3407,0.4206,,,,,,,
torchxrayvision,raw,platt,CRC,0.1,0.8027,0.0722,,,,,,,,,,,0.066,0.8265,0.6038,0.1735
torchxrayvision,raw,isotonic,APS,0.05,0.8027,0.0733,0.9889,0.8927,0.9991,1.5923,0.4077,0.0,0.1064,,,,,,,
torchxrayvision,raw,isotonic,Mondrian,0.05,0.8027,0.0733,0.7522,0.8927,0.7374,1.2851,0.7149,0.0,0.1553,,,,,,,
torchxrayvision,raw,isotonic,APS,0.1,0.8027,0.0733,0.9889,0.8927,0.9991,1.5923,0.4077,0.0,0.1064,,,,,,,
torchxrayvision,raw,isotonic,Mondrian,0.1,0.8027,0.0733,0.7522,0.8927,0.7374,1.2851,0.7149,0.0,0.1553,,,,,,,
torchxrayvision,raw,isotonic,WeightedMondrian,0.1,0.8027,0.0733,0.7522,0.8927,0.7374,1.2851,0.7149,0.0,0.1553,219.3,1.16,298.98,,,,
torchxrayvision,raw,isotonic,APS,0.2,0.8027,0.0733,0.9679,0.6726,0.9989,1.233,0.767,0.0,0.3262,,,,,,,
torchxrayvision,raw,isotonic,Mondrian,0.2,0.8027,0.0733,0.4727,0.8927,0.4286,0.9918,0.9918,0.0082,0.4641,,,,,,,
torchxrayvision,raw,isotonic,CRC,0.1,0.8027,0.0733,,,,,,,,,,,0.056,0.8927,0.4376,0.1073
torchxrayvision,L2,uncalibrated,APS,0.05,0.8613,0.2128,0.826,0.9106,0.8171,1.3018,0.6982,0.0,0.0934,,,,,,,
torchxrayvision,L2,uncalibrated,Mondrian,0.05,0.8613,0.2128,0.7627,0.9356,0.7445,1.3067,0.6933,0.0,0.1911,,,,,,,
torchxrayvision,L2,uncalibrated,APS,0.1,0.8613,0.2128,0.7387,0.8587,0.7261,1.0779,0.9221,0.0,0.1325,,,,,,,
torchxrayvision,L2,uncalibrated,Mondrian,0.1,0.8613,0.2128,0.6692,0.8891,0.6461,1.0762,0.9238,0.0,0.243,,,,,,,
torchxrayvision,L2,uncalibrated,WeightedMondrian,0.1,0.8613,0.2128,0.7335,0.8211,0.7242,0.99,0.99,0.01,0.0969,364.6,5.71,45.43,,,,
torchxrayvision,L2,uncalibrated,APS,0.2,0.8613,0.2128,0.5423,0.7692,0.5184,0.7261,0.7261,0.2739,0.2508,,,,,,,
torchxrayvision,L2,uncalibrated,Mondrian,0.2,0.8613,0.2128,0.5144,0.7889,0.4855,0.7258,0.7258,0.2742,0.3034,,,,,,,
torchxrayvision,L2,uncalibrated,CRC,0.1,0.8613,0.2128,,,,,,,,,,,0.3562,0.8891,0.5677,0.1109
torchxrayvision,L2,temperature,APS,0.05,0.8613,0.2038,0.826,0.9106,0.8171,1.3018,0.6982,0.0,0.0934,,,,,,,
torchxrayvision,L2,temperature,Mondrian,0.05,0.8613,0.2038,0.7627,0.9356,0.7445,1.3067,0.6933,0.0,0.1911,,,,,,,
torchxrayvision,L2,temperature,APS,0.1,0.8613,0.2038,0.7387,0.8587,0.7261,1.0779,0.9221,0.0,0.1325,,,,,,,
torchxrayvision,L2,temperature,Mondrian,0.1,0.8613,0.2038,0.6692,0.8891,0.6461,1.0762,0.9238,0.0,0.243,,,,,,,
torchxrayvision,L2,temperature,WeightedMondrian,0.1,0.8613,0.2038,0.7335,0.8211,0.7242,0.99,0.99,0.01,0.0969,364.6,5.71,45.43,,,,
torchxrayvision,L2,temperature,APS,0.2,0.8613,0.2038,0.5423,0.7692,0.5184,0.7261,0.7261,0.2739,0.2508,,,,,,,
torchxrayvision,L2,temperature,Mondrian,0.2,0.8613,0.2038,0.5144,0.7889,0.4855,0.7258,0.7258,0.2742,0.3034,,,,,,,
torchxrayvision,L2,temperature,CRC,0.1,0.8613,0.2038,,,,,,,,,,,0.4297,0.8891,0.5669,0.1109
torchxrayvision,L2,platt,APS,0.05,0.8613,0.0592,0.9895,0.8891,1.0,1.4758,0.5242,0.0,0.1109,,,,,,,
torchxrayvision,L2,platt,Mondrian,0.05,0.8613,0.0592,0.7627,0.9356,0.7445,1.3067,0.6933,0.0,0.1911,,,,,,,
torchxrayvision,L2,platt,APS,0.1,0.8613,0.0592,0.9796,0.7853,1.0,1.2713,0.7287,0.0,0.2147,,,,,,,
torchxrayvision,L2,platt,Mondrian,0.1,0.8613,0.0592,0.6693,0.8891,0.6462,1.0764,0.9236,0.0,0.2428,,,,,,,
torchxrayvision,L2,platt,WeightedMondrian,0.1,0.8613,0.0592,0.7335,0.8211,0.7242,0.99,0.99,0.01,0.0969,364.6,5.71,45.43,,,,
torchxrayvision,L2,platt,APS,0.2,0.8613,0.0592,0.9636,0.6243,0.9992,1.124,0.876,0.0,0.3749,,,,,,,
torchxrayvision,L2,platt,Mondrian,0.2,0.8613,0.0592,0.5144,0.7889,0.4855,0.7258,0.7258,0.2742,0.3034,,,,,,,
torchxrayvision,L2,platt,CRC,0.1,0.8613,0.0592,,,,,,,,,,,0.0395,0.8891,0.5648,0.1109
torchxrayvision,L2,isotonic,APS,0.05,0.8613,0.0599,0.9901,0.8962,1.0,1.4931,0.5069,0.0,0.1038,,,,,,,
torchxrayvision,L2,isotonic,Mondrian,0.05,0.8613,0.0599,0.794,0.9803,0.7744,1.5731,0.4269,0.0,0.2059,,,,,,,
torchxrayvision,L2,isotonic,APS,0.1,0.8613,0.0599,0.9799,0.7889,1.0,1.2783,0.7217,0.0,0.2111,,,,,,,
torchxrayvision,L2,isotonic,Mondrian,0.1,0.8613,0.0599,0.6812,0.8962,0.6586,1.1039,0.8961,0.0,0.2376,,,,,,,
torchxrayvision,L2,isotonic,WeightedMondrian,0.1,0.8613,0.0599,0.7806,0.839,0.7744,1.0813,0.9187,0.0,0.0646,364.6,5.71,45.43,,,,
torchxrayvision,L2,isotonic,APS,0.2,0.8613,0.0599,0.9673,0.6637,0.9992,1.1468,0.8532,0.0,0.3356,,,,,,,
torchxrayvision,L2,isotonic,Mondrian,0.2,0.8613,0.0599,0.5305,0.7889,0.5034,0.7433,0.7433,0.2567,0.2855,,,,,,,
torchxrayvision,L2,isotonic,CRC,0.1,0.8613,0.0599,,,,,,,,,,,0.0505,0.8962,0.5485,0.1038
dinov2,raw,uncalibrated,APS,0.05,0.7473,0.2835,0.6647,0.8408,0.6462,1.1596,0.8404,0.0,0.1945,,,,,,,
dinov2,raw,uncalibrated,Mondrian,0.05,0.7473,0.2835,0.6045,0.8873,0.5748,1.1829,0.8171,0.0,0.3125,,,,,,,
dinov2,raw,uncalibrated,APS,0.1,0.7473,0.2835,0.5486,0.7531,0.5271,0.9291,0.9291,0.0709,0.2261,,,,,,,
dinov2,raw,uncalibrated,Mondrian,0.1,0.7473,0.2835,0.5263,0.7943,0.4981,0.9525,0.9525,0.0475,0.2962,,,,,,,
dinov2,raw,uncalibrated,WeightedMondrian,0.1,0.7473,0.2835,0.5351,0.712,0.5165,0.8527,0.8527,0.1473,0.1954,191.9,0.31,2.16,,,,
dinov2,raw,uncalibrated,APS,0.2,0.7473,0.2835,0.4103,0.6476,0.3853,0.6668,0.6668,0.3332,0.2622,,,,,,,
dinov2,raw,uncalibrated,Mondrian,0.2,0.7473,0.2835,0.3977,0.6744,0.3686,0.6743,0.6743,0.3257,0.3058,,,,,,,
dinov2,raw,uncalibrated,CRC,0.1,0.7473,0.2835,,,,,,,,,,,0.4982,0.78,0.5624,0.22
dinov2,raw,temperature,APS,0.05,0.7473,0.2433,0.6647,0.8408,0.6462,1.1596,0.8404,0.0,0.1945,,,,,,,
dinov2,raw,temperature,Mondrian,0.05,0.7473,0.2433,0.6045,0.8873,0.5748,1.1829,0.8171,0.0,0.3125,,,,,,,
dinov2,raw,temperature,APS,0.1,0.7473,0.2433,0.5486,0.7531,0.5271,0.9291,0.9291,0.0709,0.2261,,,,,,,
dinov2,raw,temperature,Mondrian,0.1,0.7473,0.2433,0.5263,0.7943,0.4981,0.9525,0.9525,0.0475,0.2962,,,,,,,
dinov2,raw,temperature,WeightedMondrian,0.1,0.7473,0.2433,0.5351,0.712,0.5165,0.8527,0.8527,0.1473,0.1954,191.9,0.31,2.16,,,,
dinov2,raw,temperature,APS,0.2,0.7473,0.2433,0.4103,0.6476,0.3853,0.6668,0.6668,0.3332,0.2622,,,,,,,
dinov2,raw,temperature,Mondrian,0.2,0.7473,0.2433,0.3977,0.6744,0.3686,0.6743,0.6743,0.3257,0.3058,,,,,,,
dinov2,raw,temperature,CRC,0.1,0.7473,0.2433,,,,,,,,,,,0.4992,0.78,0.5605,0.22
dinov2,raw,platt,APS,0.05,0.7473,0.0788,0.9791,0.78,1.0,1.4707,0.5293,0.0,0.22,,,,,,,
dinov2,raw,platt,Mondrian,0.05,0.7473,0.0788,0.6045,0.8873,0.5748,1.1829,0.8171,0.0,0.3125,,,,,,,
dinov2,raw,platt,APS,0.1,0.7473,0.0788,0.9685,0.6708,0.9998,1.3274,0.6726,0.0,0.329,,,,,,,
dinov2,raw,platt,Mondrian,0.1,0.7473,0.0788,0.5263,0.7943,0.4981,0.9525,0.9525,0.0475,0.2962,,,,,,,
dinov2,raw,platt,WeightedMondrian,0.1,0.7473,0.0788,0.5351,0.712,0.5165,0.8527,0.8527,0.1473,0.1954,191.9,0.31,2.16,,,,
dinov2,raw,platt,APS,0.2,0.7473,0.0788,0.9491,0.4669,0.9998,1.1801,0.8199,0.0,0.5329,,,,,,,
dinov2,raw,platt,Mondrian,0.2,0.7473,0.0788,0.3977,0.6744,0.3686,0.6743,0.6743,0.3257,0.3058,,,,,,,
dinov2,raw,platt,CRC,0.1,0.7473,0.0788,,,,,,,,,,,0.0725,0.78,0.5613,0.22
dinov2,raw,isotonic,APS,0.05,0.7473,0.0788,0.9929,0.9249,1.0,1.7329,0.2671,0.0,0.0751,,,,,,,
dinov2,raw,isotonic,Mondrian,0.05,0.7473,0.0788,0.6091,0.9249,0.5759,1.2757,0.7243,0.0,0.3489,,,,,,,
dinov2,raw,isotonic,APS,0.1,0.7473,0.0788,0.9731,0.7174,1.0,1.3766,0.6234,0.0,0.2826,,,,,,,
dinov2,raw,isotonic,Mondrian,0.1,0.7473,0.0788,0.6091,0.9249,0.5759,1.2757,0.7243,0.0,0.3489,,,,,,,
dinov2,raw,isotonic,WeightedMondrian,0.1,0.7473,0.0788,0.5894,0.7174,0.5759,0.9194,0.9194,0.0806,0.1414,191.9,0.31,2.16,,,,
dinov2,raw,isotonic,APS,0.2,0.7473,0.0788,0.9634,0.6154,1.0,1.271,0.729,0.0,0.3846,,,,,,,
dinov2,raw,isotonic,Mondrian,0.2,0.7473,0.0788,0.5894,0.7174,0.5759,0.9194,0.9194,0.0806,0.1414,,,,,,,
dinov2,raw,isotonic,CRC,0.1,0.7473,0.0788,,,,,,,,,,,0.061,0.9249,0.2872,0.0751
dinov2,L2,uncalibrated,APS,0.05,0.7553,0.2867,0.7161,0.8927,0.6976,1.323,0.677,0.0,0.1951,,,,,,,
dinov2,L2,uncalibrated,Mondrian,0.05,0.7553,0.2867,0.6385,0.9463,0.6062,1.3632,0.6368,0.0,0.3401,,,,,,,
dinov2,L2,uncalibrated,APS,0.1,0.7553,0.2867,0.571,0.8211,0.5447,1.0143,0.9857,0.0,0.2764,,,,,,,
dinov2,L2,uncalibrated,Mondrian,0.1,0.7553,0.2867,0.5426,0.8676,0.5085,1.0546,0.9454,0.0,0.3592,,,,,,,
dinov2,L2,uncalibrated,WeightedMondrian,0.1,0.7553,0.2867,0.5399,0.8014,0.5124,0.9549,0.9549,0.0451,0.289,604.6,6.71,13.46,,,,
dinov2,L2,uncalibrated,APS,0.2,0.7553,0.2867,0.4014,0.7084,0.3692,0.6916,0.6916,0.3084,0.3392,,,,,,,
dinov2,L2,uncalibrated,Mondrian,0.2,0.7553,0.2867,0.3751,0.7317,0.3376,0.6887,0.6887,0.3113,0.3941,,,,,,,
dinov2,L2,uncalibrated,CRC,0.1,0.7553,0.2867,,,,,,,,,,,0.4377,0.8569,0.4624,0.1431
dinov2,L2,temperature,APS,0.05,0.7553,0.2475,0.7161,0.8927,0.6976,1.323,0.677,0.0,0.1951,,,,,,,
dinov2,L2,temperature,Mondrian,0.05,0.7553,0.2475,0.6385,0.9463,0.6062,1.3632,0.6368,0.0,0.3401,,,,,,,
dinov2,L2,temperature,APS,0.1,0.7553,0.2475,0.571,0.8211,0.5447,1.0143,0.9857,0.0,0.2764,,,,,,,
dinov2,L2,temperature,Mondrian,0.1,0.7553,0.2475,0.5426,0.8676,0.5085,1.0546,0.9454,0.0,0.3592,,,,,,,
dinov2,L2,temperature,WeightedMondrian,0.1,0.7553,0.2475,0.5399,0.8014,0.5124,0.9549,0.9549,0.0451,0.289,604.6,6.71,13.46,,,,
dinov2,L2,temperature,APS,0.2,0.7553,0.2475,0.4014,0.7084,0.3692,0.6916,0.6916,0.3084,0.3392,,,,,,,
dinov2,L2,temperature,Mondrian,0.2,0.7553,0.2475,0.3751,0.7317,0.3376,0.6887,0.6887,0.3113,0.3941,,,,,,,
dinov2,L2,temperature,CRC,0.1,0.7553,0.2475,,,,,,,,,,,0.4902,0.8569,0.4598,0.1431
dinov2,L2,platt,APS,0.05,0.7553,0.0782,0.9864,0.8569,1.0,1.5681,0.4319,0.0,0.1431,,,,,,,
dinov2,L2,platt,Mondrian,0.05,0.7553,0.0782,0.6385,0.9463,0.6062,1.3632,0.6368,0.0,0.3401,,,,,,,
dinov2,L2,platt,APS,0.1,0.7553,0.0782,0.9741,0.7281,1.0,1.3718,0.6282,0.0,0.2719,,,,,,,
dinov2,L2,platt,Mondrian,0.1,0.7553,0.0782,0.5426,0.8676,0.5085,1.0546,0.9454,0.0,0.3592,,,,,,,
dinov2,L2,platt,WeightedMondrian,0.1,0.7553,0.0782,0.5399,0.8014,0.5124,0.9549,0.9549,0.0451,0.289,604.6,6.71,13.46,,,,
dinov2,L2,platt,APS,0.2,0.7553,0.0782,0.9551,0.5295,0.9998,1.2087,0.7913,0.0,0.4703,,,,,,,
dinov2,L2,platt,Mondrian,0.2,0.7553,0.0782,0.3751,0.7317,0.3376,0.6887,0.6887,0.3113,0.3941,,,,,,,
dinov2,L2,platt,CRC,0.1,0.7553,0.0782,,,,,,,,,,,0.0565,0.8569,0.4571,0.1431
dinov2,L2,isotonic,APS,0.05,0.7553,0.0784,0.9898,0.8927,1.0,1.6401,0.3599,0.0,0.1073,,,,,,,
dinov2,L2,isotonic,Mondrian,0.05,0.7553,0.0784,0.7113,0.9517,0.6861,1.4773,0.5227,0.0,0.2656,,,,,,,
dinov2,L2,isotonic,APS,0.1,0.7553,0.0784,0.9898,0.8927,1.0,1.6401,0.3599,0.0,0.1073,,,,,,,
dinov2,L2,isotonic,Mondrian,0.1,0.7553,0.0784,0.7057,0.8927,0.6861,1.2878,0.7122,0.0,0.2066,,,,,,,
dinov2,L2,isotonic,WeightedMondrian,0.1,0.7553,0.0784,0.7057,0.8927,0.6861,1.2878,0.7122,0.0,0.2066,604.6,6.71,13.46,,,,
dinov2,L2,isotonic,APS,0.2,0.7553,0.0784,0.966,0.6422,1.0,1.2854,0.7146,0.0,0.3578,,,,,,,
dinov2,L2,isotonic,Mondrian,0.2,0.7553,0.0784,0.4346,0.8927,0.3865,1.0,1.0,0.0,0.5062,,,,,,,
dinov2,L2,isotonic,CRC,0.1,0.7553,0.0784,,,,,,,,,,,0.063,0.8927,0.3865,0.1073
